{"cameraMode":{"drawMode":0,"name":"Shaded","section":"Shading Mode"},"sceneLighting":false,"audioPlay":false,"sceneViewState":{"showFog":true,"showMaterialUpdate":false,"showSkybox":true,"showFlares":true,"showImageEffects":true,"showParticleSystems":true},"in2DMode":false,"pivot":{"x":0.0,"y":0.12099999934434891,"z":3.009999990463257},"rotation":{"x":0.2794828712940216,"y":0.49878257513046267,"z":-0.17386147379875184,"w":0.8017964363098145},"size":0.2857883870601654,"orthographic":false}