{"cameraMode":{"drawMode":0,"name":"Shaded","section":"Shading Mode"},"sceneLighting":false,"audioPlay":false,"sceneViewState":{"showFog":true,"showMaterialUpdate":false,"showSkybox":true,"showFlares":true,"showImageEffects":true,"showParticleSystems":true},"in2DMode":false,"pivot":{"x":0.6610000133514404,"y":1.7910000085830689,"z":-1.5130000114440919},"rotation":{"x":-0.04800347238779068,"y":-0.9494903683662415,"z":0.1810300201177597,"w":-0.2517774701118469},"size":1.6952428817749024,"orthographic":false}