{"cameraMode":{"drawMode":0,"name":"Shaded","section":"Shading Mode"},"sceneLighting":false,"audioPlay":false,"sceneViewState":{"showFog":true,"showMaterialUpdate":false,"showSkybox":true,"showFlares":true,"showImageEffects":true,"showParticleSystems":true},"in2DMode":false,"pivot":{"x":0.0,"y":0.06050002574920654,"z":1.505000114440918},"rotation":{"x":0.2794828712940216,"y":0.49878257513046267,"z":-0.17386147379875184,"w":0.8017964363098145},"size":7.065534591674805,"orthographic":false}