{"cameraMode":{"drawMode":0,"name":"Shaded","section":"Shading Mode"},"sceneLighting":true,"audioPlay":false,"sceneViewState":{"showFog":true,"showMaterialUpdate":false,"showSkybox":true,"showFlares":true,"showImageEffects":true,"showParticleSystems":true},"in2DMode":false,"pivot":{"x":-3.21728515625,"y":3.364776611328125,"z":-8.76904296875},"rotation":{"x":0.0428326316177845,"y":0.049434270709753039,"z":-0.0021216601599007847,"w":0.9978563189506531},"size":15.589855194091797,"orthographic":true}