{"cameraMode":{"drawMode":0,"name":"Shaded","section":"Shading Mode"},"sceneLighting":true,"audioPlay":false,"sceneViewState":{"showFog":true,"showMaterialUpdate":false,"showSkybox":true,"showFlares":true,"showImageEffects":true,"showParticleSystems":true},"in2DMode":false,"pivot":{"x":-4.957319736480713,"y":2.1640625,"z":-4.474286079406738},"rotation":{"x":0.30769461393356326,"y":0.4294930398464203,"z":-0.15843313932418824,"w":0.834121584892273},"size":2.268247365951538,"orthographic":true}