{"cameraMode":{"drawMode":0,"name":"Shaded","section":"Shading Mode"},"sceneLighting":false,"audioPlay":false,"sceneViewState":{"showFog":true,"showMaterialUpdate":false,"showSkybox":true,"showFlares":true,"showImageEffects":true,"showParticleSystems":true},"in2DMode":false,"pivot":{"x":0.00019085407257080078,"y":1.53141450881958,"z":0.0},"rotation":{"x":0.2794828712940216,"y":0.49878257513046267,"z":-0.17386147379875184,"w":0.8017964363098145},"size":5.210860252380371,"orthographic":false}